Annual Income,Credit Score,Loan Amount,Loan Tenure,Monthly Expenses,Age,Existing Loans,Loan Approved,Employment_Employed,Employment_Self-Employed,Residence_Owned,Residence_Rented,LoanPurpose_Education,LoanPurpose_Home Renovation,LoanPurpose_Medical,LoanPurpose_Wedding,Marital_Married,Marital_Single
321958,780,621107,60,13696,59,0,0,1,0,1,0,0,0,0,1,0,1
871155,634,385914,48,30058,33,0,0,0,1,1,0,1,0,0,0,1,0
331932,841,470182,48,30313,37,1,0,0,1,0,1,0,0,0,1,1,0
1614414,405,262781,36,29149,52,1,0,0,1,0,1,0,1,0,0,0,1
459178,380,503105,24,63521,29,0,0,0,1,1,0,0,1,0,0,1,0
1892743,432,732347,36,55740,40,1,0,0,1,1,0,0,0,0,1,0,1
310268,437,915146,36,14956,46,1,0,1,0,1,0,0,0,0,1,1,0
932180,483,763708,12,85731,47,1,0,0,1,0,1,1,0,0,0,0,1
1303462,700,598884,60,92612,41,0,1,1,0,1,0,0,0,0,1,0,1
337337,629,900538,48,76641,38,1,0,1,0,0,1,1,0,0,0,0,1
1199890,807,109182,24,73811,33,0,1,1,0,0,1,0,1,0,0,1,0
1770006,368,399307,48,62160,36,0,0,0,1,0,1,0,0,1,0,0,1
1336074,845,351454,48,61313,29,0,1,1,0,0,1,0,0,1,0,1,0
1112756,352,368232,60,73232,32,1,0,1,0,1,0,0,0,1,0,0,1
375203,749,703091,48,25417,58,1,0,1,0,0,1,0,0,1,0,0,1
1439911,504,189978,48,34729,39,1,0,1,0,0,1,0,1,0,0,0,1
478167,425,873346,36,40099,27,1,0,0,1,1,0,0,0,1,0,0,1
241090,342,946782,60,39961,55,1,0,0,1,0,1,0,0,0,1,0,1
529365,410,619667,12,22602,38,0,0,1,0,0,1,0,0,0,1,1,0
1313396,482,521828,24,19256,36,0,0,1,0,0,1,0,0,1,0,1,0
987201,394,820188,48,96120,59,0,0,0,1,1,0,0,0,0,1,1,0
1570455,673,308517,24,44681,24,1,0,0,1,0,1,1,0,0,0,0,1
1966891,819,490097,12,97440,45,0,1,0,1,0,1,0,1,0,0,0,1
527069,659,358557,24,74789,52,0,0,1,0,1,0,0,0,1,0,1,0
1447617,580,187084,12,53361,33,1,0,0,1,1,0,0,0,1,0,0,1
991743,494,755475,36,74503,37,1,0,1,0,0,1,0,1,0,0,0,1
303355,494,843583,48,44540,57,0,0,1,0,0,1,0,0,0,1,0,1
1484372,392,632004,12,36536,26,0,0,0,1,1,0,0,1,0,0,1,0
1462752,360,930179,24,94700,39,1,0,1,0,0,1,0,1,0,0,1,0
384779,350,798013,48,73043,33,1,0,0,1,1,0,0,0,0,1,1,0
1596025,702,741738,36,88532,46,1,0,1,0,0,1,0,1,0,0,1,0
1670485,304,748012,48,66575,34,1,0,0,1,1,0,0,0,0,1,1,0
1189436,765,253502,12,12871,51,0,1,1,0,0,1,0,0,0,1,0,1
1507371,833,194539,36,56002,24,0,1,1,0,1,0,0,1,0,0,0,1
686232,704,474226,24,59812,59,1,0,0,1,1,0,1,0,0,0,0,1
1117040,812,571863,36,32626,28,0,0,0,1,1,0,0,0,0,1,0,1
1748762,532,171999,36,69979,45,0,0,0,1,1,0,0,1,0,0,1,0
356730,823,164793,60,86057,33,1,0,0,1,1,0,0,0,0,1,1,0
1633257,645,507373,36,76668,52,0,0,1,0,0,1,1,0,0,0,0,1
1398079,345,420321,36,90070,58,0,0,0,1,0,1,1,0,0,0,1,0
854811,845,62289,48,99390,58,0,1,0,1,1,0,0,0,1,0,0,1
727035,377,750336,24,52998,48,1,0,1,0,0,1,0,0,0,1,0,1
848143,372,748956,48,73814,50,1,0,0,1,0,1,0,0,0,1,0,1
1700942,548,990675,48,55607,23,0,0,0,1,0,1,0,1,0,0,0,1
265725,346,805801,12,17812,48,1,0,1,0,0,1,0,0,0,1,1,0
1378557,420,307368,48,71844,23,1,0,0,1,0,1,0,0,1,0,0,1
284654,513,136365,60,80093,54,1,0,0,1,0,1,1,0,0,0,1,0
1153277,538,804950,60,12179,36,0,0,0,1,1,0,1,0,0,0,0,1
791723,355,950446,12,53798,42,0,0,0,1,0,1,0,0,1,0,0,1
519030,649,225211,24,84601,52,1,0,0,1,0,1,0,0,0,1,0,1
1577523,406,229785,24,18275,58,0,0,0,1,0,1,0,0,0,1,0,1
755839,347,997238,48,60574,28,0,0,1,0,1,0,0,0,1,0,1,0
473538,636,122588,48,57857,28,0,0,0,1,0,1,0,1,0,0,0,1
531236,325,113646,48,30700,26,0,0,1,0,0,1,1,0,0,0,1,0
728178,556,315798,24,49464,34,0,0,1,0,0,1,0,0,1,0,0,1
765894,307,532238,36,52351,52,1,0,1,0,1,0,0,0,1,0,0,1
689492,552,855175,60,92534,55,0,0,1,0,0,1,0,0,0,1,0,1
1505416,602,884800,36,23869,30,0,0,0,1,1,0,1,0,0,0,1,0
673254,355,795385,36,70315,23,0,0,0,1,0,1,0,0,0,1,0,1
549457,825,779532,24,30954,32,1,0,0,1,1,0,0,0,1,0,0,1
865987,773,973945,36,41555,51,1,0,1,0,1,0,0,1,0,0,0,1
1519512,327,169735,12,73353,49,1,0,0,1,1,0,1,0,0,0,0,1
1488507,377,205683,48,92190,25,0,0,0,1,0,1,0,0,1,0,0,1
1488205,515,956323,12,55026,45,1,0,0,1,1,0,0,0,1,0,1,0
1453617,685,682259,60,56976,51,1,0,1,0,1,0,0,1,0,0,1,0
898361,664,586437,48,90578,41,1,0,1,0,1,0,0,0,1,0,0,1
1980488,825,412246,36,55095,40,1,0,0,1,1,0,0,0,1,0,0,1
1665689,611,371333,60,24270,59,0,0,1,0,0,1,1,0,0,0,1,0
268148,306,813264,48,40908,42,1,0,1,0,0,1,1,0,0,0,0,1
848531,302,989179,36,25523,24,1,0,0,1,0,1,1,0,0,0,1,0
1500571,662,907463,12,72433,33,0,0,1,0,0,1,0,0,0,1,0,1
1106606,807,616956,48,57068,40,0,0,1,0,1,0,0,1,0,0,0,1
878843,573,456889,36,29991,33,1,0,0,1,0,1,1,0,0,0,1,0
772843,805,662492,12,20775,37,0,0,1,0,1,0,0,0,0,1,0,1
456508,314,261830,60,87801,56,1,0,1,0,0,1,0,0,0,1,1,0
1003591,491,246501,60,94995,53,0,0,1,0,0,1,0,1,0,0,1,0
1096942,784,466885,60,71250,21,0,1,1,0,0,1,0,1,0,0,1,0
306530,327,215140,60,26673,35,1,0,1,0,1,0,0,0,1,0,0,1
804365,338,794149,24,37056,33,0,0,1,0,0,1,0,0,0,1,1,0
660337,572,190507,48,16614,37,1,0,1,0,0,1,1,0,0,0,1,0
1973415,530,275160,48,17415,44,0,0,1,0,0,1,0,1,0,0,0,1
1005889,385,233321,24,98691,28,1,0,0,1,1,0,0,0,0,1,0,1
1708349,773,611672,36,53884,47,0,1,0,1,0,1,1,0,0,0,0,1
408261,425,571998,36,26964,43,0,0,0,1,0,1,0,0,0,1,0,1
1589673,836,656217,60,47726,28,0,1,0,1,1,0,0,1,0,0,0,1
1563715,444,964391,12,47044,28,0,0,1,0,1,0,0,0,1,0,0,1
1420405,824,650441,36,67149,46,0,1,0,1,0,1,0,0,0,1,1,0
471836,511,809416,12,47544,33,1,0,0,1,0,1,1,0,0,0,0,1
1687550,324,125388,48,59976,59,0,0,1,0,0,1,0,1,0,0,1,0
1189913,693,605689,12,42252,57,1,0,1,0,1,0,0,0,1,0,0,1
402283,366,568727,48,13832,48,1,0,1,0,1,0,1,0,0,0,1,0
396769,532,777191,24,90437,45,1,0,1,0,1,0,1,0,0,0,1,0
761353,408,693791,24,44148,36,0,0,1,0,0,1,1,0,0,0,0,1
1471741,445,282601,60,71240,22,1,0,0,1,1,0,0,0,0,1,0,1
1872163,410,177834,36,98454,38,0,0,1,0,0,1,0,1,0,0,1,0
1246797,527,84084,60,95076,37,1,0,0,1,1,0,1,0,0,0,0,1
1150110,410,301459,48,87116,50,1,0,0,1,1,0,0,0,0,1,0,1
1784398,769,684929,60,63459,59,1,0,1,0,1,0,0,1,0,0,1,0
687879,333,155111,12,48402,33,1,0,0,1,0,1,0,1,0,0,1,0
764685,668,499042,48,67727,52,1,0,0,1,0,1,0,0,0,1,1,0
982038,724,479667,24,48578,49,0,1,1,0,0,1,0,0,0,1,0,1
1602107,817,712587,36,32318,50,1,0,0,1,0,1,1,0,0,0,0,1
1511736,581,212982,48,85715,38,1,0,0,1,1,0,0,1,0,0,0,1
1207293,619,348185,48,87787,33,0,0,0,1,0,1,0,0,1,0,0,1
779879,742,925352,12,95029,41,0,0,1,0,1,0,0,0,0,1,1,0
1469460,614,377825,36,30466,50,0,0,1,0,0,1,0,1,0,0,0,1
223247,676,284386,24,55475,41,1,0,1,0,0,1,0,1,0,0,1,0
1272876,588,393715,48,70142,37,1,0,0,1,1,0,1,0,0,0,0,1
1715857,736,246553,48,95160,39,1,0,1,0,1,0,0,0,1,0,0,1
807086,576,511792,12,36564,35,1,0,0,1,0,1,1,0,0,0,1,0
733556,802,551174,60,32412,29,1,0,1,0,0,1,0,0,1,0,0,1
1597527,815,834625,24,61001,30,1,0,0,1,1,0,0,0,1,0,0,1
1522905,649,701844,36,67649,51,0,0,1,0,1,0,0,0,0,1,1,0
1967640,745,245246,48,70957,43,0,1,1,0,1,0,0,1,0,0,0,1
942139,649,600448,48,45517,50,1,0,0,1,1,0,0,1,0,0,1,0
632315,436,296242,24,23156,53,1,0,1,0,1,0,0,1,0,0,1,0
1126075,542,561083,60,33064,29,1,0,0,1,0,1,0,0,1,0,1,0
716588,842,67633,48,35711,21,1,0,1,0,0,1,0,1,0,0,1,0
1485160,339,853446,24,40106,55,1,0,1,0,0,1,0,0,0,1,0,1
1810908,528,916964,12,75458,31,0,0,0,1,0,1,0,0,1,0,0,1
1178732,847,99104,60,26589,54,0,1,0,1,1,0,0,0,1,0,0,1
1625472,522,913663,36,99272,36,1,0,0,1,1,0,0,0,1,0,1,0
248984,305,118388,48,96511,29,0,0,1,0,1,0,0,0,1,0,0,1
502918,621,590302,24,17214,52,1,0,0,1,0,1,0,0,0,1,0,1
464712,767,142578,12,95731,35,1,0,1,0,1,0,0,1,0,0,0,1
1368727,374,739115,36,37127,32,1,0,0,1,1,0,0,0,0,1,0,1
1704384,303,614678,24,15141,53,0,0,0,1,0,1,0,1,0,0,1,0
333767,417,335855,24,38884,34,0,0,0,1,0,1,0,0,0,1,1,0
848663,803,141658,36,12708,28,1,0,0,1,0,1,1,0,0,0,0,1
1952126,740,107993,12,28375,28,0,1,0,1,1,0,1,0,0,0,1,0
336330,493,255768,12,25088,47,0,0,0,1,1,0,1,0,0,0,0,1
680754,691,208285,60,67615,32,1,0,1,0,0,1,1,0,0,0,0,1
1550224,325,821148,48,55046,21,0,0,0,1,0,1,0,0,1,0,0,1
1937095,734,501000,36,20014,31,0,1,1,0,1,0,0,0,1,0,1,0
213986,472,843853,36,74425,59,1,0,0,1,0,1,0,0,0,1,0,1
786146,599,792296,36,13273,51,1,0,0,1,1,0,0,0,0,1,1,0
1377888,625,592015,12,57135,37,0,0,0,1,0,1,1,0,0,0,1,0
212666,709,948850,48,40881,53,1,0,1,0,0,1,0,1,0,0,0,1
1549380,417,578646,60,88077,52,0,0,1,0,0,1,1,0,0,0,1,0
334633,524,377252,24,18712,49,1,0,0,1,1,0,0,0,0,1,1,0
488998,831,307681,24,84704,41,1,0,1,0,1,0,1,0,0,0,0,1
1050937,412,144018,36,62874,41,1,0,0,1,0,1,0,0,0,1,1,0
828776,439,436601,48,79087,43,1,0,0,1,1,0,1,0,0,0,1,0
1956187,300,999621,12,22297,26,0,0,1,0,0,1,0,1,0,0,0,1
1533382,389,344054,48,37128,42,1,0,1,0,0,1,1,0,0,0,0,1
1279111,619,701176,48,78368,58,1,0,1,0,1,0,0,1,0,0,1,0
1196107,849,279104,12,97599,57,1,0,1,0,1,0,0,1,0,0,0,1
1624289,438,892186,36,98499,28,0,0,0,1,1,0,0,0,0,1,0,1
1038688,810,243510,48,88958,55,0,1,1,0,1,0,0,1,0,0,1,0
551279,558,159847,24,42920,31,1,0,1,0,0,1,0,0,1,0,1,0
1113910,309,996875,12,21156,44,1,0,0,1,1,0,0,0,1,0,0,1
1850237,560,494717,60,21108,41,1,0,1,0,1,0,0,0,1,0,1,0
1896548,471,504162,36,41845,22,1,0,1,0,0,1,0,0,0,1,0,1
689570,312,874899,12,12800,39,1,0,1,0,0,1,0,0,1,0,0,1
1705127,467,985129,60,52712,59,1,0,1,0,0,1,0,0,0,1,1,0
1521685,620,346037,60,12610,48,0,0,0,1,0,1,0,0,0,1,1,0
224538,618,126329,48,87603,37,1,0,0,1,1,0,0,0,1,0,0,1
1094498,628,81007,48,43872,26,1,0,1,0,1,0,0,1,0,0,0,1
401664,849,744892,48,20728,39,1,0,1,0,0,1,1,0,0,0,0,1
691234,718,366397,12,30583,58,1,0,0,1,0,1,0,0,0,1,0,1
339182,394,62323,12,95774,48,1,0,1,0,1,0,0,0,1,0,1,0
1721101,617,947767,36,17263,22,1,0,1,0,1,0,0,0,0,1,0,1
1406914,535,162356,48,77450,58,0,0,1,0,1,0,0,1,0,0,1,0
384064,633,685232,60,99285,57,0,0,1,0,1,0,0,1,0,0,1,0
414020,675,254451,24,29456,24,0,0,1,0,1,0,0,0,1,0,0,1
1239577,758,981714,36,75942,42,0,0,1,0,0,1,0,0,0,1,1,0
823094,436,328600,12,23689,46,0,0,1,0,0,1,1,0,0,0,1,0
1097421,846,605655,36,42934,56,0,0,1,0,0,1,1,0,0,0,0,1
815270,812,104624,36,43276,33,1,0,1,0,0,1,0,0,0,1,1,0
1894490,595,453322,36,29873,52,1,0,0,1,1,0,0,0,0,1,1,0
1367752,619,284565,36,23050,37,1,0,0,1,0,1,0,0,0,1,0,1
1117710,648,118008,24,76216,56,1,0,0,1,1,0,0,0,1,0,0,1
1466702,528,962358,48,94444,39,1,0,1,0,1,0,0,1,0,0,0,1
418969,569,427539,60,94040,55,1,0,1,0,1,0,1,0,0,0,0,1
322409,590,166492,36,31644,48,0,0,0,1,1,0,0,0,1,0,0,1
1796283,464,122240,36,72021,21,1,0,1,0,1,0,0,0,0,1,0,1
453618,304,376459,36,47125,38,0,0,0,1,1,0,0,0,0,1,0,1
969598,678,775947,48,76899,53,0,0,1,0,1,0,0,1,0,0,1,0
1298591,377,322900,12,52291,32,1,0,0,1,0,1,0,0,0,1,1,0
972838,709,511227,12,45060,28,1,0,0,1,1,0,0,0,1,0,0,1
1370672,431,348522,24,11538,44,1,0,0,1,0,1,0,0,1,0,1,0
1879923,341,185327,12,46176,36,1,0,1,0,0,1,0,1,0,0,1,0
1433916,388,981988,36,51520,24,1,0,0,1,1,0,0,0,1,0,0,1
1359263,701,699991,36,35675,58,1,0,1,0,1,0,1,0,0,0,1,0
1074371,595,892981,36,28287,47,1,0,1,0,0,1,0,0,1,0,0,1
1659933,594,215575,24,10174,29,0,0,1,0,0,1,0,0,1,0,1,0
935716,825,910226,36,44998,36,1,0,1,0,0,1,0,0,1,0,0,1
1354454,721,549499,12,63312,32,1,0,1,0,0,1,1,0,0,0,1,0
1975846,322,543948,48,22112,51,0,0,1,0,1,0,0,0,0,1,1,0
1173548,442,357257,48,85225,44,1,0,1,0,1,0,0,0,1,0,1,0
1446862,444,648357,60,54814,34,1,0,0,1,1,0,0,1,0,0,0,1
973290,524,279189,12,95091,45,0,0,0,1,0,1,1,0,0,0,1,0
1413475,802,448465,36,60719,54,1,0,0,1,1,0,0,1,0,0,1,0
1573343,403,301051,48,43919,23,1,0,1,0,0,1,0,0,1,0,0,1
1199238,338,986705,12,83155,44,1,0,1,0,1,0,0,1,0,0,0,1
1061882,497,699829,48,81569,29,1,0,1,0,0,1,0,0,1,0,1,0
579989,690,763936,36,51328,46,1,0,1,0,1,0,1,0,0,0,1,0
615515,478,561778,48,80482,40,1,0,0,1,1,0,0,1,0,0,1,0
243585,747,830641,60,34618,30,0,0,1,0,0,1,0,1,0,0,1,0
1619945,799,321830,60,44675,39,1,0,0,1,0,1,0,0,1,0,0,1
264044,314,555629,48,28919,23,1,0,1,0,0,1,0,0,1,0,1,0
1160061,588,365507,12,14173,44,0,0,0,1,0,1,0,0,0,1,1,0
642296,777,409687,12,36400,25,0,0,1,0,0,1,0,0,1,0,0,1
309556,530,706021,12,60445,23,1,0,0,1,1,0,0,0,1,0,1,0
1775557,719,225915,48,80305,47,0,1,1,0,0,1,0,0,0,1,1,0
967595,456,669961,12,47564,36,1,0,0,1,1,0,0,0,1,0,1,0
400235,849,504179,36,55814,35,1,0,1,0,1,0,0,0,1,0,0,1
225939,740,92828,60,89747,55,0,0,0,1,1,0,0,0,0,1,0,1
1401482,396,885036,36,98791,32,1,0,0,1,1,0,1,0,0,0,1,0
742335,710,322670,12,37962,46,1,0,1,0,1,0,1,0,0,0,1,0
1536825,588,905342,36,94892,54,0,0,0,1,0,1,0,0,1,0,0,1
275766,553,75592,12,95842,43,0,0,1,0,0,1,0,0,1,0,1,0
608923,495,341126,48,80533,51,0,0,1,0,1,0,0,0,0,1,1,0
1663768,821,836639,36,66184,40,0,0,1,0,1,0,0,0,0,1,0,1
768550,816,282041,48,92912,32,1,0,0,1,0,1,1,0,0,0,0,1
587261,417,400877,48,20578,43,0,0,0,1,0,1,0,1,0,0,0,1
1010208,458,804296,24,28624,24,0,0,1,0,1,0,0,0,1,0,1,0
885440,527,174982,12,49194,43,0,0,1,0,0,1,0,1,0,0,1,0
1901240,515,306911,60,10389,21,0,0,0,1,0,1,0,1,0,0,1,0
1184346,314,118619,12,77391,45,0,0,0,1,0,1,0,0,0,1,1,0
1703165,456,734688,60,23794,22,1,0,0,1,1,0,0,0,1,0,0,1
337848,560,358623,12,68002,50,0,0,1,0,0,1,0,0,1,0,1,0
817075,456,551643,48,45531,23,1,0,1,0,1,0,0,0,0,1,1,0
327948,346,201175,36,62815,41,0,0,1,0,1,0,0,1,0,0,0,1
1827880,623,220963,36,14986,45,0,0,1,0,1,0,0,0,0,1,0,1
602690,429,191826,24,42298,40,0,0,1,0,1,0,1,0,0,0,1,0
699046,710,805343,60,11481,42,0,0,0,1,1,0,0,0,1,0,0,1
651269,394,917869,60,66408,41,0,0,1,0,0,1,1,0,0,0,0,1
221959,591,148540,60,79267,53,0,0,0,1,1,0,0,0,0,1,1,0
1909466,582,909414,48,26835,58,0,0,0,1,1,0,0,0,1,0,1,0
1998792,368,677035,60,37798,35,0,0,1,0,1,0,1,0,0,0,1,0
428576,310,236994,36,74887,35,1,0,0,1,0,1,1,0,0,0,1,0
1215602,553,360375,48,29477,45,0,0,1,0,0,1,0,1,0,0,0,1
1786409,849,79301,12,27266,41,1,0,0,1,0,1,0,0,1,0,0,1
1114091,433,272724,60,96328,44,0,0,1,0,0,1,1,0,0,0,1,0
365838,322,564003,60,95988,25,1,0,1,0,0,1,1,0,0,0,1,0
1584250,645,243783,12,53526,26,0,0,0,1,0,1,0,1,0,0,0,1
261087,601,746683,60,21889,43,0,0,1,0,0,1,1,0,0,0,1,0
1213343,662,68752,12,34335,24,0,1,0,1,1,0,1,0,0,0,1,0
1841704,695,787565,48,21254,47,1,0,1,0,1,0,1,0,0,0,1,0
318451,517,934884,36,96610,38,1,0,1,0,0,1,0,1,0,0,1,0
1696176,440,718755,12,21442,41,1,0,1,0,1,0,1,0,0,0,0,1
639792,509,267029,24,56289,48,1,0,0,1,1,0,1,0,0,0,1,0
239353,759,957669,12,63747,55,0,0,0,1,0,1,0,0,1,0,0,1
393075,655,106273,60,47327,42,0,0,1,0,1,0,0,0,1,0,1,0
1462859,623,308503,48,26199,43,0,0,0,1,1,0,0,1,0,0,1,0
1563453,432,666166,48,82827,23,1,0,1,0,0,1,0,0,0,1,0,1
265318,426,841327,12,10112,30,0,0,0,1,1,0,0,0,1,0,1,0
965313,405,169968,36,97051,45,1,0,0,1,0,1,0,1,0,0,0,1
1731266,677,427844,24,29581,28,1,0,1,0,0,1,1,0,0,0,1,0
616880,350,650847,48,69722,31,1,0,1,0,1,0,1,0,0,0,1,0
791460,328,60699,60,26523,25,1,0,1,0,1,0,0,1,0,0,1,0
940976,761,246133,60,76960,57,1,0,1,0,1,0,1,0,0,0,1,0
981239,595,584003,36,29552,58,0,0,1,0,0,1,1,0,0,0,1,0
1341840,596,69169,48,20808,49,1,0,0,1,0,1,0,0,0,1,0,1
970746,706,568652,12,82525,25,1,0,0,1,0,1,1,0,0,0,0,1
1013168,704,168413,60,33620,29,0,1,1,0,1,0,0,0,1,0,1,0
425281,645,983667,36,10887,22,1,0,1,0,1,0,1,0,0,0,1,0
1220545,719,693552,48,41802,21,1,0,1,0,0,1,0,1,0,0,0,1
1885723,481,317926,48,95024,50,0,0,0,1,1,0,0,0,0,1,0,1
1098613,300,793537,48,91938,31,0,0,1,0,1,0,1,0,0,0,1,0
1642646,670,572988,48,96741,48,0,1,1,0,0,1,0,1,0,0,1,0
1600804,730,174481,48,36049,32,1,0,0,1,0,1,0,0,1,0,0,1
1680415,608,265400,60,87789,59,0,0,0,1,1,0,1,0,0,0,1,0
469536,436,609873,36,94526,46,0,0,0,1,0,1,0,0,0,1,0,1
517824,501,867114,48,17846,33,0,0,0,1,1,0,1,0,0,0,1,0
1506002,735,228936,24,56220,28,1,0,1,0,0,1,0,1,0,0,0,1
377789,612,442136,24,56163,48,0,0,0,1,0,1,0,0,0,1,0,1
1761729,416,920848,36,13765,50,1,0,0,1,0,1,1,0,0,0,1,0
942452,543,498330,12,91486,29,1,0,1,0,1,0,0,0,1,0,0,1
1037291,836,439954,12,55270,59,0,1,1,0,1,0,0,0,0,1,1,0
325657,374,88067,12,85277,51,1,0,1,0,0,1,0,0,1,0,1,0
1483743,685,748045,24,98278,41,1,0,0,1,0,1,0,1,0,0,1,0
881669,509,827622,12,32931,54,0,0,1,0,0,1,1,0,0,0,1,0
1729247,774,68073,60,99116,51,1,0,0,1,1,0,0,0,1,0,0,1
1967670,717,86035,48,65633,45,0,1,0,1,0,1,0,1,0,0,1,0
1319043,646,246049,24,90702,32,1,0,0,1,0,1,1,0,0,0,1,0
1432310,828,283782,36,61913,21,1,0,1,0,0,1,0,1,0,0,1,0
1871370,478,664661,36,35991,42,0,0,0,1,0,1,0,0,1,0,1,0
309751,481,919794,48,64845,57,0,0,1,0,1,0,0,1,0,0,0,1
1629626,324,664805,24,65312,21,1,0,1,0,1,0,0,0,0,1,1,0
1011774,479,639738,12,20561,21,1,0,1,0,0,1,1,0,0,0,0,1
1941093,800,584670,12,26901,41,0,1,0,1,1,0,0,1,0,0,0,1
661079,460,971941,60,72875,35,1,0,0,1,1,0,0,0,1,0,0,1
568452,476,776331,60,35917,37,1,0,0,1,1,0,1,0,0,0,1,0
306081,584,507828,12,72120,42,1,0,1,0,0,1,0,0,0,1,1,0
1183237,362,795715,36,11988,58,1,0,0,1,1,0,1,0,0,0,1,0
1861909,455,111929,36,24256,55,0,0,0,1,1,0,0,0,0,1,1,0
758986,768,807771,60,97728,36,0,0,0,1,1,0,1,0,0,0,0,1
310078,348,802878,48,38230,28,0,0,0,1,0,1,0,1,0,0,0,1
222671,383,935296,12,69778,37,0,0,0,1,0,1,0,1,0,0,1,0
1666976,660,717689,60,55833,37,0,1,1,0,1,0,0,0,1,0,1,0
1604104,447,830965,60,32625,46,0,0,1,0,1,0,0,0,0,1,1,0
1859066,641,337313,12,42088,33,1,0,1,0,0,1,0,0,1,0,1,0
251663,775,137468,12,89650,37,0,0,1,0,0,1,0,1,0,0,1,0
1264284,362,84594,36,51167,58,1,0,0,1,1,0,0,0,0,1,1,0
511955,659,241703,48,81291,37,1,0,1,0,1,0,0,0,1,0,1,0
1382459,626,95033,48,75303,34,1,0,0,1,0,1,0,0,1,0,0,1
1566970,440,637421,12,86361,26,0,0,1,0,0,1,0,0,1,0,0,1
312547,514,123861,24,98229,55,1,0,1,0,1,0,0,0,1,0,0,1
1110681,734,757650,60,14117,34,0,0,1,0,0,1,0,0,1,0,0,1
1807618,617,343894,60,70710,28,1,0,0,1,1,0,0,0,0,1,1,0
1999678,331,614749,12,77054,35,1,0,0,1,1,0,0,0,1,0,1,0
342483,584,517016,24,40949,47,0,0,1,0,1,0,0,0,0,1,1,0
858271,604,128222,36,32547,33,1,0,0,1,0,1,0,0,1,0,1,0
414835,728,686308,12,91882,51,1,0,1,0,1,0,0,1,0,0,1,0
601896,776,860658,12,78136,55,1,0,1,0,1,0,0,1,0,0,0,1
284896,585,843153,60,74619,26,1,0,1,0,0,1,0,0,1,0,1,0
677095,443,594897,12,71842,25,0,0,0,1,0,1,1,0,0,0,0,1
271295,723,704801,12,36990,42,1,0,1,0,1,0,0,1,0,0,1,0
943974,318,253981,12,26193,43,1,0,1,0,1,0,0,0,0,1,0,1
1087121,317,154211,60,40109,45,0,0,1,0,0,1,0,0,1,0,1,0
1521831,670,236321,36,29233,54,1,0,0,1,0,1,0,0,0,1,0,1
1548224,474,492111,36,91730,46,1,0,1,0,0,1,1,0,0,0,1,0
1905738,493,537689,12,44510,25,1,0,0,1,1,0,0,0,1,0,1,0
1256731,801,973160,60,11306,46,1,0,1,0,1,0,0,1,0,0,1,0
1715448,412,961297,36,13849,40,0,0,0,1,1,0,0,0,0,1,1,0
1025816,413,910952,36,22360,26,1,0,1,0,0,1,0,1,0,0,0,1
574705,521,506956,36,55800,26,0,0,1,0,1,0,0,1,0,0,1,0
1820118,563,900741,60,46963,38,1,0,0,1,0,1,0,0,1,0,0,1
1858845,354,79984,60,64330,24,1,0,0,1,1,0,0,0,0,1,1,0
754594,757,693235,12,61707,37,1,0,1,0,0,1,1,0,0,0,0,1
347718,461,779182,48,28689,34,0,0,0,1,1,0,0,1,0,0,1,0
1557563,679,55901,36,39084,34,1,0,1,0,1,0,0,0,1,0,1,0
845263,386,212624,48,50387,33,1,0,1,0,0,1,0,0,1,0,0,1
1607321,354,272317,60,84816,27,0,0,1,0,0,1,1,0,0,0,1,0
1208239,775,343199,60,12642,35,0,1,0,1,1,0,0,0,1,0,1,0
307512,477,743045,60,52137,39,0,0,1,0,0,1,0,1,0,0,0,1
347443,690,195788,48,89832,55,0,0,0,1,0,1,0,0,1,0,1,0
1719163,648,688387,60,65561,37,1,0,1,0,1,0,0,0,0,1,0,1
573616,307,585426,12,72260,55,1,0,0,1,0,1,0,0,0,1,1,0
857409,612,740658,60,25438,39,1,0,0,1,1,0,0,1,0,0,0,1
886976,742,73429,24,58442,40,1,0,1,0,1,0,0,0,0,1,0,1
1614447,627,624488,48,12994,56,0,0,0,1,0,1,1,0,0,0,0,1
575037,353,252380,24,11813,55,1,0,1,0,0,1,0,0,1,0,0,1
1244107,538,491460,60,94381,52,1,0,1,0,1,0,0,1,0,0,1,0
1007364,528,822577,12,65276,44,1,0,1,0,1,0,1,0,0,0,1,0
317796,350,295127,36,51243,37,1,0,1,0,1,0,0,0,1,0,0,1
1540575,563,937700,60,72912,27,0,0,1,0,1,0,1,0,0,0,1,0
1441082,717,810801,12,70272,21,1,0,0,1,1,0,0,1,0,0,1,0
1190198,395,67347,48,52051,55,1,0,1,0,1,0,0,1,0,0,1,0
898376,387,722280,24,88854,52,1,0,0,1,0,1,1,0,0,0,0,1
469544,377,606110,24,92736,56,0,0,0,1,0,1,0,0,1,0,1,0
580002,587,614396,24,75618,33,0,0,1,0,0,1,0,0,0,1,1,0
898002,419,965387,48,11920,26,1,0,0,1,1,0,0,0,0,1,0,1
1788015,790,532315,12,87219,34,1,0,1,0,0,1,1,0,0,0,1,0
790978,751,57967,48,86872,57,1,0,0,1,1,0,0,1,0,0,0,1
1777363,799,947151,24,91132,35,0,0,0,1,1,0,0,0,1,0,0,1
1779159,464,586159,60,12093,24,1,0,0,1,0,1,0,0,1,0,0,1
1107317,481,275371,36,22905,36,1,0,1,0,1,0,0,1,0,0,1,0
588215,768,258524,48,34351,48,1,0,0,1,1,0,0,0,0,1,1,0
521184,306,779630,48,40981,36,0,0,1,0,1,0,0,0,1,0,0,1
1671091,629,214685,12,83903,24,1,0,0,1,1,0,1,0,0,0,0,1
868234,450,602467,12,80821,46,1,0,0,1,1,0,0,0,0,1,0,1
578480,384,301537,48,92289,48,0,0,0,1,1,0,1,0,0,0,0,1
232711,446,757548,24,94021,52,0,0,0,1,0,1,0,0,0,1,0,1
991971,680,891531,36,88513,22,1,0,1,0,1,0,0,1,0,0,0,1
701157,847,609550,12,29874,51,0,0,1,0,1,0,1,0,0,0,1,0
384423,584,914645,24,60931,23,1,0,0,1,1,0,1,0,0,0,0,1
716349,381,429551,60,17674,28,0,0,0,1,1,0,0,1,0,0,0,1
1952290,813,985772,12,60516,44,0,0,1,0,0,1,1,0,0,0,0,1
1112495,822,521082,24,70686,35,1,0,1,0,0,1,0,0,0,1,1,0
1906493,685,922701,24,79212,51,1,0,1,0,1,0,0,0,1,0,1,0
1024792,770,110545,36,12426,29,1,0,1,0,1,0,0,0,1,0,1,0
1985954,418,284555,36,78498,59,0,0,0,1,1,0,0,1,0,0,1,0
333272,695,273894,60,39943,22,1,0,0,1,0,1,0,0,0,1,0,1
967836,831,777506,24,76395,28,1,0,1,0,0,1,1,0,0,0,1,0
1186001,560,352066,24,54816,27,1,0,1,0,0,1,1,0,0,0,0,1
902335,555,617201,36,14138,59,1,0,1,0,0,1,0,0,1,0,0,1
1007789,525,409177,12,85945,36,1,0,1,0,1,0,1,0,0,0,0,1
1891985,352,416936,12,14017,55,0,0,1,0,0,1,0,0,1,0,0,1
1326081,799,300497,48,20451,50,1,0,1,0,0,1,0,1,0,0,0,1
202869,805,493057,36,72956,30,1,0,0,1,1,0,1,0,0,0,0,1
981474,663,751692,48,20278,58,0,0,0,1,1,0,0,0,0,1,1,0
654351,579,535278,36,53764,38,1,0,0,1,0,1,1,0,0,0,1,0
1560828,457,956295,60,11134,25,1,0,1,0,0,1,0,0,1,0,1,0
836584,358,206104,24,72943,49,1,0,1,0,0,1,0,1,0,0,1,0
818467,427,743206,60,64318,59,1,0,1,0,0,1,0,0,1,0,1,0
1338848,414,764834,36,70128,54,1,0,0,1,1,0,1,0,0,0,0,1
238467,508,94936,24,98056,43,0,0,1,0,1,0,0,0,1,0,1,0
1236685,825,735154,12,31869,25,0,0,1,0,0,1,0,0,1,0,1,0
1077844,820,766948,12,15039,50,0,0,0,1,0,1,0,1,0,0,1,0
680047,536,252056,48,31281,26,1,0,1,0,0,1,0,0,0,1,0,1
1907923,580,275469,36,20442,24,0,0,0,1,0,1,1,0,0,0,0,1
1307447,658,78141,36,83788,49,1,0,0,1,0,1,0,1,0,0,0,1
1139903,500,976578,12,37586,43,1,0,1,0,1,0,0,0,0,1,1,0
328391,577,187478,60,63053,26,1,0,0,1,1,0,0,0,1,0,1,0
639430,534,147359,24,60489,52,0,0,1,0,1,0,0,0,0,1,1,0
1217026,793,959711,60,93104,38,0,0,0,1,0,1,0,0,1,0,1,0
1859280,303,204363,60,96346,35,0,0,1,0,0,1,0,0,1,0,1,0
456687,741,615856,12,77087,52,1,0,0,1,1,0,0,1,0,0,0,1
1974027,328,671827,12,22625,29,0,0,1,0,1,0,0,0,1,0,1,0
307450,408,621139,12,44397,57,1,0,0,1,0,1,0,1,0,0,0,1
371890,374,543158,48,68671,30,0,0,0,1,1,0,0,0,0,1,1,0
638741,445,629111,60,76897,40,0,0,0,1,0,1,0,0,0,1,0,1
481974,427,73312,36,36149,26,1,0,1,0,0,1,0,0,1,0,0,1
1648685,341,477387,24,70030,23,1,0,1,0,1,0,0,1,0,0,0,1
316381,655,484995,48,79906,31,0,0,0,1,1,0,0,0,1,0,0,1
1721701,340,774188,36,15283,37,0,0,1,0,1,0,0,1,0,0,1,0
1820197,333,550531,60,17610,52,0,0,0,1,0,1,0,1,0,0,1,0
334508,316,935155,12,53326,24,1,0,1,0,0,1,0,1,0,0,1,0
1978226,452,848843,60,24924,24,1,0,0,1,1,0,0,0,0,1,0,1
1647687,677,546037,24,86162,37,0,1,1,0,0,1,0,1,0,0,1,0
1399386,641,299062,48,10869,39,0,0,0,1,0,1,0,0,0,1,1,0
1541466,326,893441,48,11014,25,1,0,0,1,0,1,0,1,0,0,1,0
1822241,586,458638,24,20103,52,0,0,0,1,1,0,0,0,0,1,1,0
1040477,467,485684,36,92522,42,1,0,0,1,0,1,1,0,0,0,0,1
560032,567,606659,36,43458,26,1,0,1,0,1,0,0,0,0,1,0,1
1246811,754,107022,48,92409,55,1,0,0,1,1,0,0,0,0,1,1,0
1618175,700,383373,48,33248,42,1,0,1,0,0,1,0,0,1,0,1,0
1909536,775,149071,12,99160,21,1,0,1,0,1,0,0,1,0,0,1,0
1998596,429,232268,36,53516,40,1,0,0,1,0,1,1,0,0,0,0,1
1079611,662,408918,24,39061,42,0,1,1,0,1,0,0,0,1,0,0,1
1420412,591,539626,36,34170,31,1,0,1,0,1,0,0,1,0,0,0,1
929903,670,338859,12,18024,33,1,0,1,0,0,1,1,0,0,0,1,0
245714,328,864037,48,92214,23,0,0,0,1,1,0,1,0,0,0,0,1
1174339,448,674141,48,95947,29,1,0,1,0,1,0,1,0,0,0,0,1
1875810,595,605462,12,53803,32,0,0,1,0,1,0,0,1,0,0,0,1
830271,310,977460,24,29296,43,1,0,0,1,0,1,1,0,0,0,0,1
1715536,811,547660,48,96664,34,0,1,0,1,0,1,1,0,0,0,0,1
1960427,412,126373,60,28257,53,0,0,1,0,1,0,0,0,1,0,1,0
324123,486,905684,48,22855,38,1,0,0,1,1,0,0,0,0,1,1,0
1136093,526,243021,60,95178,29,1,0,1,0,1,0,0,1,0,0,1,0
1554204,609,243718,12,30025,43,1,0,1,0,0,1,0,0,0,1,1,0
1331565,397,644305,12,14458,30,1,0,1,0,0,1,0,0,1,0,0,1
1546932,354,113037,48,73610,39,0,0,0,1,1,0,0,0,0,1,1,0
1029957,705,664106,36,80843,25,0,0,1,0,0,1,1,0,0,0,1,0
378274,368,580836,60,93961,43,0,0,0,1,0,1,1,0,0,0,1,0
887995,611,691269,24,59831,50,1,0,0,1,0,1,0,1,0,0,0,1
1573928,588,284213,48,53427,45,0,0,1,0,0,1,0,1,0,0,1,0
611927,847,254366,24,48506,48,1,0,0,1,1,0,0,1,0,0,0,1
989852,447,552420,48,15668,54,1,0,0,1,0,1,0,0,1,0,0,1
331373,766,204249,36,57195,45,0,0,0,1,0,1,0,1,0,0,0,1
1687028,543,336166,36,83233,30,1,0,0,1,1,0,0,0,1,0,1,0
315294,790,680585,36,34417,34,0,0,0,1,1,0,1,0,0,0,0,1
1235362,806,710902,36,91982,50,1,0,1,0,0,1,0,0,0,1,1,0
1708027,664,272084,12,20751,45,0,1,0,1,0,1,1,0,0,0,1,0
848307,781,539536,12,56218,34,1,0,1,0,1,0,1,0,0,0,1,0
265726,500,110428,60,17352,55,0,0,1,0,1,0,1,0,0,0,0,1
341564,453,728100,24,89052,54,0,0,1,0,1,0,0,1,0,0,0,1
1626388,749,371497,48,98835,30,1,0,1,0,0,1,0,1,0,0,1,0
468246,800,687420,48,38927,55,1,0,1,0,0,1,0,1,0,0,0,1
1954272,372,237604,12,51094,31,0,0,1,0,1,0,0,0,0,1,0,1
318015,595,590340,48,64122,31,1,0,0,1,0,1,0,1,0,0,0,1
1989250,316,150689,12,39493,41,1,0,0,1,1,0,0,0,1,0,1,0
454079,516,752436,60,83539,41,1,0,0,1,0,1,1,0,0,0,0,1
750929,360,496636,24,41707,42,0,0,1,0,1,0,0,0,0,1,0,1
889944,341,706031,60,78814,27,0,0,0,1,1,0,0,0,0,1,1,0
888105,324,312307,36,17296,37,1,0,0,1,0,1,0,0,0,1,0,1
713758,338,353568,36,35398,22,1,0,0,1,0,1,0,0,0,1,1,0
1183609,430,552754,36,45842,32,0,0,1,0,0,1,0,0,0,1,0,1
1614466,797,513547,60,23261,38,1,0,0,1,0,1,0,0,1,0,0,1
1217703,528,453850,48,86709,31,0,0,1,0,0,1,1,0,0,0,0,1
645101,407,185870,24,66704,36,1,0,0,1,0,1,0,0,0,1,0,1
236631,471,334564,36,77173,38,1,0,1,0,1,0,1,0,0,0,0,1
1321567,734,560259,36,41781,55,1,0,1,0,0,1,0,1,0,0,0,1
1252590,777,694863,36,23652,46,0,0,1,0,1,0,0,0,0,1,1,0
1521813,401,832518,24,15103,36,0,0,0,1,1,0,0,0,0,1,0,1
1266646,823,341444,36,35500,26,0,1,0,1,0,1,1,0,0,0,0,1
1305534,574,926313,24,45529,32,0,0,1,0,1,0,0,0,0,1,0,1
1330650,343,60749,36,28452,33,1,0,0,1,1,0,0,0,0,1,1,0
1783593,316,678419,60,59393,24,1,0,1,0,0,1,0,0,0,1,1,0
1424665,629,730481,60,41174,59,0,0,1,0,0,1,0,0,1,0,1,0
397392,796,964995,24,74450,22,1,0,0,1,0,1,0,0,1,0,0,1
358823,311,349631,60,45436,46,1,0,0,1,1,0,0,0,0,1,0,1
1223904,617,275019,24,57406,47,0,0,0,1,0,1,0,0,1,0,1,0
1878728,515,476577,60,73059,47,1,0,1,0,0,1,0,1,0,0,1,0
1641578,638,857655,60,25954,35,1,0,1,0,0,1,0,0,0,1,1,0
1982005,380,647218,24,92722,28,0,0,0,1,0,1,0,1,0,0,0,1
698863,784,719416,48,22356,27,1,0,1,0,1,0,1,0,0,0,1,0
567654,673,340524,60,12187,32,1,0,0,1,0,1,0,1,0,0,0,1
779036,499,862467,36,87243,33,1,0,1,0,1,0,1,0,0,0,0,1
730089,836,867052,48,45098,37,0,0,0,1,0,1,0,0,0,1,0,1
1398838,765,987381,24,31225,37,0,0,0,1,1,0,1,0,0,0,1,0
1691481,388,306553,48,13606,56,1,0,1,0,1,0,1,0,0,0,0,1
435362,567,498532,12,67620,41,1,0,0,1,1,0,0,1,0,0,1,0
1692785,788,769401,12,42828,28,1,0,0,1,0,1,0,1,0,0,1,0
1802456,837,429504,60,36489,25,0,1,1,0,1,0,0,1,0,0,1,0
997079,346,103352,60,24387,46,0,0,0,1,0,1,0,0,0,1,1,0
864076,587,474127,36,79463,36,0,0,1,0,0,1,0,0,0,1,0,1
419963,315,213856,48,81832,56,1,0,0,1,0,1,0,1,0,0,0,1
680761,700,53191,12,12591,48,1,0,1,0,0,1,0,0,0,1,0,1
1497286,385,926968,60,58516,49,1,0,0,1,0,1,0,0,0,1,0,1
420984,549,678864,48,72061,32,1,0,0,1,1,0,1,0,0,0,1,0
464512,690,245713,60,76736,57,1,0,0,1,0,1,1,0,0,0,1,0
801863,634,492939,60,91257,50,0,0,0,1,1,0,0,1,0,0,1,0
1517375,818,53631,12,71753,43,1,0,1,0,1,0,0,0,0,1,1,0
1486125,436,187244,12,94774,36,1,0,1,0,1,0,1,0,0,0,0,1
1842895,797,354224,60,21087,34,1,0,1,0,1,0,0,0,1,0,1,0
1732875,776,270169,24,40816,30,0,1,1,0,1,0,0,0,0,1,0,1
1860786,522,664641,60,33408,27,1,0,1,0,1,0,0,0,1,0,1,0
648982,671,463497,60,10136,57,0,0,1,0,1,0,0,1,0,0,1,0
1372622,701,602959,36,27413,49,0,1,1,0,0,1,0,0,0,1,1,0
606619,742,697099,36,69500,23,0,0,0,1,1,0,0,1,0,0,1,0
1280673,789,756791,36,94514,35,0,0,0,1,0,1,0,1,0,0,0,1
1196161,572,271972,24,66358,56,0,0,0,1,1,0,0,1,0,0,0,1
866326,825,827499,24,76197,39,1,0,0,1,1,0,0,1,0,0,0,1
849150,458,439878,60,42854,33,1,0,1,0,1,0,0,1,0,0,0,1
1478805,451,798321,36,86240,41,0,0,1,0,1,0,0,0,0,1,1,0
318834,487,558679,24,26322,57,0,0,1,0,0,1,0,0,1,0,1,0
1342424,397,471818,12,16968,47,0,0,0,1,0,1,0,0,0,1,0,1
1301497,430,794149,60,37518,49,1,0,1,0,0,1,0,0,0,1,0,1
905086,470,887831,48,61925,40,1,0,0,1,1,0,0,0,0,1,1,0
1899005,482,728832,60,69848,45,0,0,1,0,1,0,1,0,0,0,1,0
1954236,663,754590,48,11700,26,1,0,1,0,1,0,1,0,0,0,0,1
484821,338,57099,36,33199,56,1,0,1,0,0,1,0,0,0,1,0,1
255609,826,823974,48,54589,22,0,0,1,0,1,0,0,0,1,0,0,1
427897,796,468647,36,42115,42,0,0,0,1,0,1,0,0,0,1,1,0
1174165,815,630780,12,71934,52,1,0,0,1,0,1,0,1,0,0,0,1
1279600,648,146722,48,64316,36,1,0,1,0,1,0,1,0,0,0,0,1
1225715,696,604399,60,15520,38,1,0,0,1,1,0,1,0,0,0,0,1
1318889,460,113936,36,46455,25,0,0,1,0,0,1,0,0,0,1,0,1
1638533,315,727974,60,96465,56,0,0,1,0,0,1,0,0,0,1,0,1
384078,792,273332,24,51605,50,0,0,1,0,0,1,0,0,1,0,1,0
1606005,725,775836,36,24955,39,1,0,1,0,1,0,0,0,1,0,0,1
661243,407,823319,48,54049,43,1,0,0,1,1,0,0,1,0,0,1,0
1362208,749,373064,36,23917,54,0,1,1,0,1,0,0,0,0,1,0,1
1197639,610,537510,60,80293,33,1,0,1,0,1,0,0,0,0,1,0,1
451451,469,113530,12,88581,49,0,0,0,1,1,0,0,0,0,1,0,1
203051,845,479440,36,74925,56,1,0,1,0,1,0,1,0,0,0,1,0
1952683,713,319932,48,80269,42,0,1,0,1,0,1,0,1,0,0,1,0
1625412,550,602370,24,40954,56,1,0,1,0,0,1,0,0,1,0,1,0
1204646,440,959719,12,82617,29,1,0,1,0,0,1,1,0,0,0,0,1
1860099,573,663858,24,51458,59,0,0,1,0,1,0,1,0,0,0,0,1
1171525,715,675303,36,99037,39,0,0,1,0,0,1,1,0,0,0,1,0
1970348,338,782176,60,31113,58,0,0,1,0,1,0,1,0,0,0,1,0
389407,328,920020,60,53939,26,0,0,1,0,1,0,0,1,0,0,0,1
649395,776,197603,48,39345,35,0,1,0,1,0,1,0,0,0,1,1,0
1149597,617,924772,60,56313,40,1,0,1,0,1,0,0,0,1,0,0,1
662894,544,668727,12,79166,29,0,0,0,1,0,1,0,0,1,0,1,0
1460386,571,191214,60,57861,52,0,0,0,1,0,1,1,0,0,0,1,0
1157238,739,689341,48,59298,24,0,0,1,0,1,0,1,0,0,0,1,0
927975,538,622643,36,57221,38,0,0,0,1,0,1,0,1,0,0,0,1
273523,676,453082,36,54942,25,0,0,1,0,0,1,1,0,0,0,0,1
1343052,565,251139,60,13453,40,1,0,0,1,0,1,0,0,1,0,1,0
1482417,658,808994,24,64935,43,0,0,1,0,0,1,0,0,1,0,0,1
1003451,639,699714,36,53370,31,0,0,0,1,1,0,0,0,0,1,0,1
1229225,688,638315,60,18328,57,0,0,0,1,0,1,0,0,0,1,0,1
1070045,302,501122,48,25534,42,1,0,1,0,0,1,0,0,1,0,0,1
422866,728,209210,60,95280,24,1,0,0,1,0,1,0,0,1,0,1,0
1335248,441,142601,36,94925,49,0,0,1,0,1,0,0,1,0,0,0,1
1846711,675,79956,48,46320,54,0,1,1,0,0,1,0,1,0,0,0,1
1593470,623,288340,60,59170,33,1,0,1,0,1,0,0,0,1,0,1,0
1983570,445,679085,12,90201,29,1,0,1,0,0,1,1,0,0,0,0,1
228251,592,961349,48,18640,51,1,0,1,0,0,1,0,0,0,1,0,1
1876345,731,962735,12,40049,27,0,0,0,1,0,1,0,0,1,0,0,1
1623286,698,519511,24,15618,24,0,1,0,1,1,0,1,0,0,0,1,0
1798809,643,710799,48,66053,39,1,0,0,1,1,0,0,0,1,0,1,0
1280793,439,878965,12,11920,50,0,0,1,0,1,0,0,0,0,1,0,1
1256884,486,471486,36,53937,51,1,0,0,1,1,0,0,0,0,1,0,1
1516669,360,653103,36,79724,55,1,0,0,1,1,0,0,1,0,0,1,0
383062,679,89279,24,22207,41,1,0,0,1,1,0,0,1,0,0,1,0
594366,739,421931,48,75774,51,0,0,0,1,0,1,0,1,0,0,1,0
944840,618,991392,48,42972,39,1,0,0,1,1,0,0,1,0,0,0,1
300235,601,198702,48,20799,51,1,0,1,0,0,1,0,0,0,1,0,1
1323316,643,111063,24,81088,52,0,0,1,0,1,0,1,0,0,0,1,0
578496,310,823887,48,38916,22,1,0,0,1,1,0,1,0,0,0,0,1
950201,361,304311,36,80463,30,0,0,1,0,1,0,1,0,0,0,0,1
1003328,525,702184,12,86700,22,1,0,1,0,0,1,0,0,1,0,0,1
1243233,452,740504,36,47158,22,0,0,0,1,1,0,0,1,0,0,0,1
377247,609,495377,36,94607,44,1,0,0,1,1,0,0,1,0,0,0,1
1911741,542,539934,12,81696,37,1,0,1,0,0,1,0,0,0,1,0,1
729525,792,569089,36,71510,52,1,0,0,1,0,1,0,0,0,1,0,1
1232751,665,796434,24,68692,36,1,0,1,0,0,1,0,0,1,0,1,0
1268632,629,258432,12,71744,36,1,0,1,0,0,1,0,0,1,0,1,0
376615,406,232051,36,25810,59,0,0,0,1,1,0,1,0,0,0,1,0
387628,525,147661,60,15126,51,0,0,1,0,0,1,0,0,0,1,1,0
838836,517,974483,36,40009,44,1,0,1,0,1,0,0,1,0,0,1,0
573632,805,993693,24,10192,21,1,0,1,0,1,0,1,0,0,0,1,0
1382991,558,747960,48,46413,31,1,0,0,1,0,1,0,1,0,0,1,0
606716,816,502776,36,22816,41,0,0,0,1,1,0,1,0,0,0,1,0
646438,353,521256,48,49082,24,0,0,0,1,0,1,0,1,0,0,1,0
1802239,346,173257,60,75048,27,1,0,0,1,1,0,0,0,1,0,0,1
865022,820,922637,36,60940,46,0,0,1,0,0,1,1,0,0,0,0,1
741252,398,319054,12,42130,32,1,0,0,1,0,1,0,1,0,0,1,0
1886293,319,883289,48,50142,51,1,0,0,1,0,1,0,1,0,0,0,1
452764,789,609252,60,46468,37,1,0,0,1,0,1,0,0,0,1,0,1
914998,718,468443,12,40698,53,0,0,0,1,0,1,1,0,0,0,1,0
1715458,361,973482,12,20655,31,1,0,1,0,0,1,0,1,0,0,1,0
940427,444,853585,12,57897,48,1,0,1,0,1,0,0,0,0,1,1,0
712153,515,371909,12,40075,52,1,0,1,0,1,0,0,1,0,0,0,1
267215,302,804444,36,19359,21,0,0,0,1,1,0,1,0,0,0,0,1
344356,459,682500,36,52056,48,0,0,0,1,0,1,0,0,1,0,1,0
403861,419,613359,36,61831,27,0,0,1,0,1,0,1,0,0,0,0,1
1202168,388,162990,60,69191,22,1,0,0,1,0,1,1,0,0,0,0,1
555612,628,119519,60,43272,44,0,0,0,1,1,0,0,1,0,0,0,1
1703181,656,59503,60,24671,24,1,0,1,0,1,0,0,1,0,0,1,0
209435,566,241775,24,37048,39,0,0,1,0,0,1,1,0,0,0,0,1
647556,622,669745,60,86274,46,1,0,0,1,1,0,0,0,0,1,0,1
1948014,840,763226,36,35963,31,0,1,0,1,1,0,0,0,0,1,0,1
1065264,494,197977,36,53954,31,1,0,0,1,1,0,0,0,0,1,0,1
1824157,631,620126,24,82309,23,0,0,1,0,0,1,0,1,0,0,0,1
278781,469,961632,24,10717,32,0,0,1,0,1,0,0,1,0,0,0,1
391475,820,501495,60,21676,23,0,0,1,0,0,1,1,0,0,0,0,1
360196,762,663777,48,14434,47,1,0,1,0,1,0,0,0,1,0,1,0
426507,339,76806,24,59810,22,0,0,0,1,1,0,0,1,0,0,1,0
506063,836,226072,12,14994,36,0,1,1,0,1,0,1,0,0,0,0,1
964121,560,465384,36,14234,22,0,0,1,0,1,0,1,0,0,0,1,0
976665,694,120119,12,79300,50,0,1,0,1,0,1,0,0,1,0,0,1
1939183,525,875146,36,53949,40,1,0,0,1,1,0,0,0,0,1,0,1
1369748,423,235165,36,47405,58,0,0,0,1,0,1,1,0,0,0,0,1
1605478,337,891851,24,44872,48,1,0,1,0,0,1,1,0,0,0,1,0
684963,627,679720,24,52215,45,1,0,0,1,1,0,1,0,0,0,0,1
1704544,550,520641,12,33185,52,1,0,0,1,1,0,0,0,0,1,0,1
1567293,475,929381,36,53442,30,1,0,1,0,0,1,0,0,0,1,1,0
1307677,753,521027,12,61759,53,0,1,1,0,0,1,0,0,1,0,1,0
1744548,336,969965,48,51153,33,1,0,0,1,1,0,0,1,0,0,0,1
488790,615,457507,12,87535,57,1,0,1,0,1,0,0,0,0,1,1,0
1090617,413,752164,60,12581,36,1,0,0,1,1,0,0,1,0,0,1,0
747337,339,913403,12,61717,42,1,0,0,1,1,0,0,1,0,0,0,1
1983541,600,929903,60,12763,40,0,0,1,0,1,0,0,0,0,1,0,1
1608836,523,901378,60,65480,47,0,0,0,1,0,1,1,0,0,0,0,1
1841249,617,935421,60,48759,36,1,0,1,0,1,0,0,0,1,0,1,0
850419,648,134080,48,86067,54,1,0,1,0,1,0,0,1,0,0,1,0
633374,414,302791,12,35307,52,1,0,1,0,0,1,1,0,0,0,1,0
920777,622,127794,12,21064,46,0,0,0,1,1,0,0,0,0,1,0,1
1796153,339,342985,48,86848,45,0,0,1,0,1,0,0,1,0,0,1,0
1620946,339,174447,36,47548,22,0,0,1,0,0,1,0,1,0,0,1,0
1087225,588,170029,24,46945,32,0,0,0,1,1,0,0,1,0,0,0,1
471967,561,229830,12,57937,29,0,0,0,1,0,1,1,0,0,0,0,1
391232,515,557942,24,16476,32,1,0,0,1,1,0,1,0,0,0,0,1
1552695,446,388416,48,61756,46,0,0,0,1,1,0,1,0,0,0,1,0
209540,635,611931,36,12382,29,0,0,1,0,1,0,0,1,0,0,0,1
1789228,467,356094,36,59683,30,1,0,1,0,0,1,0,1,0,0,1,0
1646403,391,237921,36,97999,52,0,0,1,0,0,1,0,0,1,0,1,0
751951,652,412644,48,55276,54,0,0,0,1,0,1,0,0,1,0,0,1
1300567,662,733404,60,43402,40,0,0,0,1,0,1,1,0,0,0,0,1
388751,644,548685,60,36946,59,1,0,1,0,1,0,1,0,0,0,0,1
1614902,469,437732,24,89698,22,0,0,0,1,0,1,0,0,0,1,0,1
1934913,655,590285,60,83933,21,1,0,0,1,0,1,1,0,0,0,0,1
818992,490,916183,60,32335,56,1,0,1,0,0,1,0,0,1,0,1,0
249115,721,672893,36,55095,44,0,0,1,0,1,0,0,0,1,0,1,0
1601727,306,991415,36,89930,47,0,0,0,1,1,0,0,0,1,0,1,0
943583,432,891965,24,37197,22,0,0,0,1,0,1,0,1,0,0,0,1
1440538,330,394710,12,32010,51,0,0,0,1,0,1,0,1,0,0,1,0
921747,834,800230,24,34123,34,1,0,1,0,1,0,1,0,0,0,0,1
1397719,725,719931,24,97923,22,0,0,1,0,0,1,0,0,0,1,0,1
1963211,693,682543,48,12890,49,1,0,1,0,0,1,0,0,0,1,1,0
736226,662,834586,48,18026,35,1,0,1,0,0,1,0,0,0,1,1,0
1152699,736,501157,24,74925,32,1,0,1,0,0,1,0,1,0,0,0,1
553824,381,108005,24,78842,57,1,0,0,1,1,0,0,0,1,0,1,0
1252576,655,267322,24,43665,48,1,0,0,1,1,0,0,0,1,0,0,1
925948,557,239784,60,19277,40,0,0,0,1,1,0,0,1,0,0,1,0
1087474,823,617829,48,52239,59,1,0,1,0,0,1,0,0,0,1,1,0
1604330,594,73387,24,57664,44,1,0,1,0,0,1,0,0,0,1,1,0
451492,523,930412,36,58008,41,0,0,1,0,1,0,1,0,0,0,1,0
1748098,824,754268,36,24683,30,0,1,0,1,1,0,1,0,0,0,1,0
691072,345,135457,60,10670,34,1,0,1,0,1,0,0,0,0,1,0,1
1286880,412,194129,60,99211,57,1,0,1,0,0,1,0,1,0,0,1,0
704999,532,638316,12,27889,38,0,0,0,1,1,0,0,0,0,1,1,0
531593,316,693534,12,65612,44,1,0,1,0,0,1,1,0,0,0,1,0
807274,659,367875,12,54535,34,0,1,0,1,0,1,0,0,0,1,0,1
351836,522,730218,60,88542,54,0,0,1,0,1,0,0,1,0,0,0,1
308940,747,229761,60,64319,32,1,0,1,0,1,0,0,0,1,0,0,1
1203531,664,618926,60,31639,42,0,0,0,1,0,1,0,1,0,0,0,1
1024926,625,534814,36,74712,26,1,0,0,1,1,0,0,1,0,0,0,1
1514093,766,227558,60,26633,56,1,0,0,1,1,0,1,0,0,0,1,0
867521,713,594855,36,44660,56,1,0,0,1,0,1,0,1,0,0,1,0
1870396,754,472955,12,78975,42,0,1,0,1,0,1,0,1,0,0,1,0
1079090,532,632092,12,42172,34,1,0,0,1,0,1,1,0,0,0,0,1
585777,523,420965,12,69197,36,0,0,1,0,0,1,1,0,0,0,0,1
1873250,711,53754,24,68847,56,1,0,1,0,0,1,0,0,1,0,1,0
751638,634,601332,24,21577,45,1,0,0,1,1,0,0,0,0,1,0,1
1865872,521,117260,48,87299,52,0,0,1,0,0,1,0,1,0,0,0,1
749639,336,116912,48,30176,53,1,0,0,1,0,1,1,0,0,0,0,1
812956,577,306695,48,54386,56,1,0,1,0,0,1,0,0,1,0,1,0
838873,495,582994,24,73972,40,0,0,0,1,1,0,0,0,0,1,1,0
1586073,783,845326,24,99791,38,0,0,1,0,0,1,1,0,0,0,0,1
1456445,541,985541,48,51003,58,0,0,1,0,0,1,0,0,0,1,0,1
265953,623,396130,48,29996,23,1,0,1,0,0,1,0,0,0,1,0,1
700328,491,918374,60,96598,43,0,0,1,0,1,0,0,1,0,0,0,1
203267,316,756972,48,45931,52,0,0,1,0,0,1,0,1,0,0,1,0
282745,823,79725,60,45710,36,1,0,0,1,0,1,1,0,0,0,0,1
1024945,700,186998,36,44693,25,0,1,0,1,0,1,0,0,0,1,1,0
357164,321,154555,24,45740,24,1,0,0,1,1,0,1,0,0,0,1,0
735626,773,311486,48,87241,41,1,0,1,0,1,0,1,0,0,0,1,0
331484,419,845928,24,86502,34,0,0,0,1,1,0,0,0,0,1,0,1
731831,509,630735,24,27374,59,1,0,1,0,1,0,1,0,0,0,1,0
1092323,605,938036,24,86674,51,0,0,1,0,0,1,0,0,0,1,1,0
1309268,569,735166,36,91471,34,0,0,1,0,0,1,0,0,0,1,0,1
1468732,584,924631,12,55913,26,0,0,0,1,1,0,0,0,0,1,0,1
1472568,526,615609,48,76025,32,0,0,1,0,1,0,0,0,0,1,0,1
716771,680,827401,12,54516,36,1,0,0,1,0,1,0,0,1,0,1,0
1030857,759,283103,12,97796,37,1,0,0,1,0,1,0,0,0,1,0,1
763044,306,465872,12,36069,43,0,0,1,0,1,0,0,1,0,0,1,0
743176,328,105147,24,66233,34,0,0,1,0,1,0,0,1,0,0,1,0
891095,332,665684,60,94811,27,1,0,0,1,1,0,0,1,0,0,0,1
1033727,378,492882,24,69049,52,0,0,0,1,1,0,0,0,0,1,1,0
1234978,758,525584,24,49178,35,1,0,0,1,0,1,0,1,0,0,1,0
1362928,837,350931,12,42821,37,0,1,0,1,1,0,0,0,1,0,1,0
1069474,781,294839,24,61727,54,1,0,0,1,1,0,1,0,0,0,1,0
285999,729,506162,12,70935,25,1,0,0,1,0,1,0,0,0,1,0,1
1266531,584,596015,60,26999,47,1,0,1,0,0,1,0,1,0,0,1,0
270640,815,813711,48,72522,43,0,0,0,1,0,1,0,0,1,0,0,1
396582,398,145081,12,48712,34,0,0,0,1,0,1,1,0,0,0,1,0
1992662,696,434865,60,74551,35,0,1,0,1,0,1,0,0,1,0,1,0
600573,788,815418,48,50172,53,0,0,0,1,1,0,0,1,0,0,0,1
1674271,338,642344,36,43722,51,0,0,1,0,1,0,0,0,1,0,1,0
261476,570,708441,12,20625,55,1,0,1,0,1,0,1,0,0,0,1,0
1555531,456,739556,12,77165,37,1,0,0,1,0,1,0,1,0,0,1,0
1415856,374,742095,36,86509,48,1,0,0,1,1,0,1,0,0,0,1,0
875510,429,810109,36,16859,39,1,0,0,1,0,1,0,0,1,0,1,0
1844044,383,130102,12,51609,43,1,0,1,0,1,0,0,0,0,1,1,0
898646,321,206570,36,53307,52,1,0,1,0,1,0,0,0,0,1,0,1
837144,758,651153,24,31839,33,1,0,1,0,0,1,0,0,0,1,0,1
614568,838,737016,48,37216,40,0,0,1,0,0,1,0,0,0,1,0,1
1434717,681,117695,48,62953,55,1,0,1,0,1,0,1,0,0,0,1,0
1098320,739,481116,48,94481,25,0,1,1,0,1,0,0,0,0,1,1,0
834736,320,571608,24,70593,29,1,0,0,1,1,0,1,0,0,0,1,0
1787261,602,167235,36,82075,49,1,0,1,0,1,0,0,1,0,0,0,1
1426607,383,490917,60,59522,26,0,0,1,0,1,0,0,0,0,1,1,0
1168021,752,683065,36,14886,45,1,0,0,1,0,1,1,0,0,0,0,1
1367756,686,69033,12,17485,51,0,1,1,0,0,1,0,0,0,1,1,0
266234,806,566409,48,41455,42,1,0,0,1,0,1,0,0,0,1,1,0
1812818,556,716165,36,26767,22,0,0,1,0,0,1,0,0,0,1,1,0
378352,826,741211,60,38453,25,1,0,0,1,1,0,1,0,0,0,0,1
1328035,461,601120,12,86280,47,0,0,0,1,1,0,0,0,1,0,1,0
609995,462,244509,24,63442,45,0,0,0,1,0,1,0,0,0,1,0,1
395004,823,427869,24,61877,28,1,0,0,1,1,0,0,0,0,1,1,0
666152,570,195016,60,22226,21,1,0,0,1,0,1,0,1,0,0,1,0
1973832,791,332017,12,32588,40,0,1,1,0,1,0,0,0,1,0,0,1
1307739,507,614660,48,88976,43,1,0,1,0,1,0,1,0,0,0,1,0
1724429,838,139464,36,41709,52,0,1,0,1,1,0,0,1,0,0,1,0
251934,359,720739,12,57788,31,1,0,0,1,0,1,0,0,0,1,1,0
1968831,729,167322,24,98031,59,0,1,0,1,0,1,0,1,0,0,1,0
625523,608,742111,60,47019,44,1,0,1,0,0,1,0,1,0,0,0,1
1040530,819,936514,60,54948,31,0,0,0,1,0,1,0,0,0,1,0,1
1702713,326,795182,36,75133,49,1,0,0,1,1,0,0,0,1,0,1,0
205486,498,841542,60,76458,46,0,0,0,1,1,0,0,0,1,0,1,0
1387983,686,497557,60,37526,36,0,1,0,1,1,0,0,1,0,0,0,1
1073332,648,848519,12,83493,55,1,0,1,0,1,0,0,0,0,1,1,0
1898884,835,466978,48,62198,40,1,0,0,1,0,1,1,0,0,0,0,1
1239458,677,919049,36,53395,23,0,0,0,1,1,0,0,1,0,0,1,0
1875659,826,674771,12,34031,21,0,1,1,0,1,0,1,0,0,0,0,1
420184,452,573886,48,85542,21,0,0,0,1,1,0,0,1,0,0,0,1
866490,505,583884,12,47701,37,0,0,0,1,0,1,0,1,0,0,0,1
1598228,754,284627,12,35939,22,1,0,1,0,0,1,0,0,0,1,0,1
1891188,572,681827,60,59145,49,0,0,1,0,0,1,0,0,0,1,1,0
522710,535,592601,48,30324,40,0,0,1,0,1,0,1,0,0,0,1,0
397775,820,949607,36,32867,26,0,0,0,1,0,1,1,0,0,0,0,1
489336,800,771909,36,10203,28,1,0,0,1,1,0,0,0,1,0,0,1
987494,416,164914,48,26544,49,0,0,1,0,1,0,0,0,0,1,0,1
1856940,685,597993,60,25899,53,1,0,1,0,1,0,0,1,0,0,0,1
1338356,643,772724,24,39063,23,1,0,1,0,0,1,0,1,0,0,1,0
1401193,694,909877,12,13748,55,1,0,0,1,0,1,0,0,1,0,0,1
745977,363,153892,60,76629,25,1,0,0,1,1,0,0,0,0,1,0,1
1599181,371,784005,48,90764,47,1,0,1,0,1,0,0,1,0,0,0,1
1112606,573,314167,12,30884,32,1,0,0,1,0,1,0,0,1,0,0,1
1089465,619,693942,36,35183,40,1,0,1,0,0,1,0,0,1,0,0,1
733636,637,240868,24,91570,40,0,0,0,1,0,1,0,1,0,0,0,1
1141218,665,130073,36,81246,29,0,1,0,1,1,0,0,1,0,0,0,1
238102,794,928629,48,29259,59,1,0,0,1,1,0,1,0,0,0,1,0
274460,465,638717,12,45959,24,0,0,0,1,1,0,0,0,0,1,0,1
1613354,843,154195,48,43457,39,0,1,1,0,0,1,1,0,0,0,0,1
1338506,310,766987,12,95679,58,1,0,0,1,0,1,0,0,1,0,0,1
1779665,600,83848,60,12103,47,0,0,0,1,0,1,0,1,0,0,1,0
1876014,401,982883,24,75901,33,1,0,1,0,1,0,1,0,0,0,1,0
1976203,724,339910,60,54535,33,0,1,0,1,1,0,0,0,1,0,1,0
379208,691,118099,60,26103,42,1,0,1,0,0,1,0,0,0,1,0,1
1403273,513,479276,48,88278,48,1,0,1,0,1,0,0,1,0,0,0,1
413945,387,119122,24,22391,42,0,0,0,1,0,1,1,0,0,0,0,1
431915,700,721447,12,38901,39,0,0,0,1,1,0,0,0,0,1,1,0
927952,345,623156,12,91159,28,1,0,1,0,0,1,1,0,0,0,0,1
408124,762,693407,36,77914,28,1,0,1,0,1,0,0,0,1,0,1,0
637477,609,466441,12,60357,46,1,0,1,0,1,0,0,0,0,1,1,0
725830,385,931718,48,96908,46,0,0,0,1,0,1,1,0,0,0,1,0
1532397,391,318787,60,48437,43,0,0,1,0,0,1,0,0,0,1,1,0
1426380,541,536275,60,45503,33,0,0,1,0,0,1,0,0,1,0,1,0
1954279,301,348871,60,85403,48,0,0,1,0,0,1,0,0,0,1,0,1
239081,524,978509,24,51258,29,1,0,0,1,0,1,1,0,0,0,0,1
918216,415,159079,12,43724,40,1,0,1,0,1,0,0,0,1,0,1,0
555249,402,902129,48,74286,39,1,0,0,1,0,1,0,1,0,0,0,1
1468506,493,66029,24,84842,59,1,0,0,1,0,1,1,0,0,0,0,1
1005497,465,296353,36,24908,32,0,0,1,0,0,1,1,0,0,0,1,0
717313,389,457442,48,60626,35,1,0,0,1,1,0,0,0,1,0,1,0
1463108,421,244718,48,47228,51,1,0,1,0,0,1,0,0,1,0,0,1
812380,442,471947,48,33386,34,0,0,0,1,0,1,0,1,0,0,0,1
1767908,405,421602,60,56754,31,0,0,0,1,0,1,1,0,0,0,0,1
1565413,727,946816,48,38302,46,1,0,1,0,1,0,0,0,1,0,0,1
1537682,604,118926,12,70815,47,0,0,1,0,1,0,0,1,0,0,1,0
1276871,616,711357,48,94748,31,1,0,1,0,0,1,0,1,0,0,0,1
1262383,308,367650,60,73344,58,0,0,0,1,1,0,0,0,1,0,1,0
1684140,372,914661,48,45618,54,0,0,0,1,0,1,1,0,0,0,1,0
357504,658,493031,36,86234,39,1,0,1,0,1,0,0,0,0,1,0,1
1486643,522,92092,36,71114,26,0,0,1,0,0,1,0,0,0,1,0,1
1733584,715,374683,60,80130,58,1,0,0,1,1,0,0,1,0,0,0,1
892440,669,202889,12,35525,48,0,1,0,1,0,1,0,0,0,1,1,0
594540,563,743221,12,89818,21,0,0,0,1,0,1,0,0,0,1,1,0
717923,617,587716,24,24334,55,0,0,1,0,1,0,0,0,1,0,1,0
1415557,383,225006,60,72767,28,0,0,0,1,0,1,0,1,0,0,1,0
944699,617,820915,48,16644,27,0,0,1,0,0,1,1,0,0,0,0,1
219870,410,819727,60,42933,31,1,0,0,1,0,1,0,1,0,0,1,0
1152082,550,191330,24,53469,59,0,0,0,1,0,1,0,0,1,0,1,0
1451772,682,107775,60,43687,24,1,0,1,0,1,0,0,0,0,1,0,1
448683,306,786940,60,62656,45,0,0,1,0,0,1,1,0,0,0,1,0
1483253,758,317613,24,27375,32,1,0,1,0,1,0,0,1,0,0,1,0
226790,383,340998,12,75206,46,0,0,0,1,1,0,0,0,0,1,0,1
1891738,507,711616,48,46607,58,1,0,0,1,1,0,0,1,0,0,1,0
1011721,689,829446,24,93178,32,1,0,0,1,1,0,1,0,0,0,1,0
648345,613,126256,36,33993,57,0,0,1,0,0,1,0,1,0,0,1,0
949074,321,411278,12,54386,44,0,0,0,1,0,1,0,1,0,0,1,0
1736038,709,707011,36,56287,36,0,1,1,0,1,0,0,1,0,0,0,1
1788349,814,231360,12,96724,33,1,0,1,0,0,1,0,0,0,1,1,0
1334764,426,396874,48,86312,45,1,0,1,0,1,0,1,0,0,0,0,1
729036,313,468267,48,85324,24,0,0,0,1,0,1,1,0,0,0,1,0
1990705,311,339530,60,81196,31,0,0,0,1,0,1,0,0,0,1,0,1
1913371,386,292634,36,80014,52,1,0,1,0,0,1,0,0,0,1,0,1
990141,823,983688,12,18210,27,1,0,0,1,1,0,0,0,0,1,0,1
848249,836,83787,48,20922,31,0,1,1,0,1,0,0,0,1,0,1,0
1278931,600,595909,24,46289,48,1,0,1,0,0,1,0,1,0,0,1,0
911131,542,652272,48,43340,43,0,0,0,1,1,0,0,1,0,0,1,0
651015,421,503008,24,49850,43,0,0,1,0,1,0,1,0,0,0,0,1
1654908,446,488469,12,66984,48,0,0,1,0,0,1,0,1,0,0,1,0
356542,655,870483,48,94178,46,1,0,0,1,1,0,0,0,1,0,1,0
1421992,608,361955,48,21094,45,1,0,1,0,0,1,0,0,0,1,1,0
505062,587,80447,12,97959,49,1,0,1,0,0,1,1,0,0,0,1,0
1812162,606,178046,48,43418,39,1,0,1,0,0,1,1,0,0,0,0,1
1750284,848,789290,24,15741,53,0,1,1,0,1,0,0,1,0,0,0,1
1066651,651,566494,48,82374,56,1,0,1,0,0,1,1,0,0,0,1,0
1310205,611,735614,36,78798,34,0,0,1,0,0,1,0,0,0,1,1,0
1576760,358,920477,60,80532,34,0,0,1,0,1,0,1,0,0,0,1,0
1741310,334,691147,24,32164,55,0,0,0,1,1,0,0,0,0,1,0,1
955195,744,238490,36,45595,50,1,0,0,1,1,0,0,0,1,0,1,0
490160,392,457688,12,40257,48,0,0,1,0,1,0,0,0,1,0,0,1
1796824,506,554409,24,24211,37,0,0,1,0,0,1,0,0,0,1,0,1
413920,652,577759,60,15232,23,1,0,0,1,1,0,0,1,0,0,1,0
1491380,631,288404,60,77753,36,0,0,0,1,1,0,1,0,0,0,1,0
1625541,458,694600,12,62691,50,1,0,0,1,1,0,0,1,0,0,1,0
1709433,323,566595,12,99765,49,1,0,0,1,1,0,1,0,0,0,0,1
1753068,703,801164,24,89768,35,1,0,0,1,0,1,0,0,1,0,0,1
853983,815,713689,48,35613,45,0,0,1,0,1,0,0,0,1,0,1,0
1664492,663,215937,12,24026,58,1,0,0,1,0,1,0,0,1,0,0,1
1021052,681,96850,48,63535,58,1,0,0,1,1,0,1,0,0,0,1,0
328148,831,366364,36,40908,43,1,0,0,1,0,1,0,0,1,0,1,0
1734837,451,293306,60,62113,45,1,0,1,0,0,1,0,0,1,0,0,1
1604116,719,143808,48,29610,27,0,1,1,0,1,0,0,0,1,0,0,1
1441290,549,551597,60,56646,42,1,0,1,0,0,1,0,0,1,0,0,1
931899,416,711757,48,73185,37,0,0,1,0,1,0,0,1,0,0,0,1
483876,811,278981,36,82567,38,1,0,1,0,0,1,0,0,1,0,1,0
459747,634,572220,12,57574,30,0,0,1,0,0,1,0,0,1,0,1,0
815650,717,740885,36,46182,30,1,0,0,1,0,1,0,1,0,0,1,0
623570,594,103072,12,10570,27,0,0,1,0,1,0,0,1,0,0,0,1
475987,670,795466,12,29288,58,1,0,1,0,0,1,1,0,0,0,1,0
1227512,485,658108,60,88824,47,0,0,0,1,1,0,0,0,0,1,0,1
838353,545,527746,36,39877,53,0,0,1,0,0,1,0,0,1,0,0,1
1058158,567,73284,48,94425,21,0,0,0,1,0,1,0,0,1,0,0,1
217640,536,133369,36,10917,54,1,0,0,1,0,1,0,0,1,0,1,0
252528,829,861554,60,85602,24,0,0,1,0,0,1,1,0,0,0,0,1
459214,320,966781,12,74575,37,0,0,0,1,0,1,0,0,1,0,0,1
1170240,819,906985,60,82518,24,0,0,0,1,0,1,0,0,0,1,0,1
701108,399,787266,24,49104,46,0,0,0,1,1,0,0,1,0,0,0,1
834421,777,931220,24,28062,24,1,0,0,1,1,0,1,0,0,0,0,1
1617077,597,637100,48,26999,21,0,0,1,0,1,0,0,1,0,0,0,1
1972802,825,320143,60,71845,27,0,1,0,1,0,1,0,0,1,0,0,1
1398735,633,334580,48,19941,50,0,0,1,0,1,0,0,0,1,0,0,1
1421078,301,879395,48,71169,29,1,0,0,1,0,1,0,0,1,0,0,1
355576,674,707456,24,33470,55,0,0,0,1,1,0,0,0,0,1,0,1
1124618,592,573156,48,69821,28,0,0,0,1,1,0,0,0,0,1,0,1
1065291,617,819097,24,96669,44,0,0,1,0,0,1,1,0,0,0,0,1
1086089,801,468495,12,54435,39,0,1,1,0,0,1,0,1,0,0,1,0
1128479,680,302164,60,14529,56,1,0,1,0,1,0,0,0,1,0,1,0
1259599,313,945331,48,93055,47,0,0,0,1,1,0,0,0,1,0,0,1
745735,803,819605,24,22192,52,0,0,0,1,1,0,0,0,1,0,0,1
588043,530,338345,36,84102,34,1,0,0,1,1,0,0,0,1,0,0,1
1534679,383,200787,48,82762,38,1,0,0,1,0,1,0,0,0,1,1,0
266203,429,210381,12,96795,48,1,0,1,0,1,0,0,1,0,0,1,0
1105588,444,720438,12,44087,49,0,0,0,1,0,1,0,1,0,0,1,0
360775,327,499830,36,76677,36,1,0,1,0,0,1,1,0,0,0,0,1
1257913,365,579393,24,14627,55,0,0,0,1,1,0,0,0,0,1,0,1
770715,462,954098,48,66541,51,1,0,1,0,0,1,0,0,1,0,0,1
1763299,528,406992,24,78226,24,0,0,1,0,1,0,0,1,0,0,0,1
1572249,560,839271,12,13255,57,1,0,0,1,0,1,0,1,0,0,1,0
564167,748,118920,24,67433,37,0,1,0,1,0,1,0,0,0,1,0,1
1595385,723,880051,12,15213,59,1,0,1,0,1,0,1,0,0,0,1,0
1878651,759,617109,24,29404,46,0,1,0,1,0,1,1,0,0,0,1,0
887281,600,700024,36,35380,59,0,0,0,1,0,1,0,0,1,0,0,1
1544027,602,980997,60,29173,24,0,0,1,0,1,0,1,0,0,0,1,0
620571,586,591357,36,63027,50,0,0,1,0,0,1,0,1,0,0,1,0
1375592,694,555659,36,33989,50,0,1,1,0,0,1,1,0,0,0,1,0
991267,309,57531,60,34519,42,0,0,1,0,1,0,0,0,1,0,1,0
1793023,569,480267,60,32439,31,0,0,0,1,1,0,0,1,0,0,0,1
697562,660,713096,48,86949,22,0,0,1,0,0,1,1,0,0,0,0,1
1951541,556,713070,48,24995,32,1,0,1,0,0,1,1,0,0,0,1,0
583934,432,117155,36,33559,50,0,0,1,0,0,1,0,0,0,1,0,1
517428,575,981479,36,99049,56,0,0,0,1,1,0,0,0,1,0,1,0
1567763,812,636712,12,15021,38,1,0,1,0,0,1,1,0,0,0,0,1
1242892,612,357747,12,31119,46,0,0,0,1,0,1,0,0,0,1,0,1
890907,583,990756,48,61539,27,1,0,1,0,0,1,0,1,0,0,0,1
282844,420,524013,48,49350,21,0,0,1,0,0,1,0,0,0,1,0,1
1800396,406,182503,12,56223,46,1,0,0,1,0,1,0,0,0,1,0,1
1413997,503,779963,12,35517,43,1,0,1,0,0,1,1,0,0,0,1,0
322402,464,742841,24,88653,46,0,0,1,0,1,0,1,0,0,0,0,1
1366588,604,929005,24,32250,26,1,0,0,1,1,0,1,0,0,0,1,0
638661,796,714917,12,94486,26,0,0,1,0,0,1,0,0,0,1,1,0
598929,455,415446,24,92895,28,0,0,1,0,0,1,0,1,0,0,0,1
780466,666,705522,60,99132,44,0,0,1,0,1,0,0,0,1,0,1,0
773695,550,69675,48,76798,42,0,0,1,0,1,0,0,0,0,1,0,1
663556,633,123997,48,64199,39,1,0,0,1,1,0,1,0,0,0,1,0
775278,810,198087,12,69546,57,0,1,1,0,0,1,0,0,1,0,1,0
1193176,592,536799,36,98151,38,1,0,0,1,0,1,0,1,0,0,0,1
1378049,319,569349,12,13327,51,1,0,1,0,0,1,0,0,1,0,0,1
1183049,581,805678,24,39768,57,0,0,0,1,0,1,1,0,0,0,0,1
678007,300,190905,36,74418,50,0,0,1,0,1,0,0,0,0,1,0,1
1044573,418,320040,24,52788,53,0,0,0,1,1,0,0,0,0,1,1,0
1665585,334,476188,60,92384,30,0,0,1,0,1,0,1,0,0,0,0,1
1567290,497,361877,24,56830,57,1,0,0,1,1,0,0,0,0,1,1,0
1474732,784,825723,60,62446,32,0,0,0,1,0,1,1,0,0,0,1,0
1417540,358,616088,60,25160,50,1,0,1,0,0,1,0,0,0,1,1,0
725303,460,146044,24,66583,47,0,0,0,1,1,0,0,0,0,1,1,0
1310389,505,317491,24,43998,59,0,0,1,0,1,0,0,0,0,1,1,0
227712,311,764423,60,37230,29,0,0,1,0,1,0,0,1,0,0,1,0
1873361,789,539066,36,19076,41,0,1,1,0,1,0,0,1,0,0,0,1
312816,575,708003,60,79341,32,1,0,1,0,1,0,1,0,0,0,1,0
1377354,541,352929,48,41085,49,1,0,1,0,0,1,0,1,0,0,1,0
1835156,515,855113,60,65571,53,0,0,0,1,0,1,1,0,0,0,1,0
485977,550,416008,36,24715,35,1,0,1,0,1,0,0,0,1,0,0,1
335230,425,983396,48,15750,22,1,0,1,0,1,0,0,0,1,0,0,1
1966616,516,883731,12,88768,59,0,0,1,0,1,0,0,1,0,0,1,0
1006741,605,67073,12,45903,38,0,0,1,0,0,1,0,0,1,0,0,1
469114,484,938736,36,82489,23,1,0,1,0,0,1,0,0,1,0,1,0
1583194,338,604970,60,42093,27,1,0,1,0,0,1,0,0,0,1,0,1
1204208,522,803158,24,97954,38,1,0,0,1,1,0,0,0,0,1,1,0
351456,483,802254,36,44314,58,1,0,0,1,0,1,1,0,0,0,0,1
1062312,794,960734,48,58225,57,0,0,1,0,1,0,0,0,1,0,0,1
1354146,726,457505,48,97985,53,0,1,0,1,0,1,1,0,0,0,0,1
470846,477,165359,12,93014,51,1,0,1,0,0,1,1,0,0,0,1,0
200404,727,975431,48,45179,31,0,0,1,0,0,1,0,0,1,0,1,0
1158447,593,116707,36,35338,24,1,0,1,0,1,0,0,1,0,0,1,0
903286,450,301351,48,79681,38,1,0,1,0,1,0,0,0,1,0,0,1
1523483,683,520670,36,42101,24,0,1,1,0,0,1,0,0,0,1,0,1
1922320,607,288511,24,12775,54,1,0,0,1,1,0,0,0,1,0,1,0
915460,635,285718,12,55619,49,1,0,0,1,1,0,0,1,0,0,0,1
1084574,674,639716,48,55838,44,0,0,0,1,1,0,1,0,0,0,1,0
1913796,307,100601,36,29539,42,0,0,0,1,1,0,1,0,0,0,1,0
435365,640,445755,60,67124,22,1,0,1,0,1,0,0,0,0,1,1,0
542786,428,545479,12,75149,26,1,0,0,1,1,0,0,0,0,1,1,0
1299188,651,685775,24,36616,45,0,0,1,0,1,0,0,0,0,1,0,1
1010006,657,728029,36,89655,41,1,0,0,1,0,1,1,0,0,0,0,1
400244,816,514184,24,64567,36,1,0,0,1,1,0,0,0,0,1,0,1
1253385,794,463860,24,47099,51,0,1,0,1,1,0,0,0,1,0,1,0
363273,385,461961,48,85831,34,0,0,0,1,0,1,1,0,0,0,0,1
1957266,474,301924,48,71799,59,0,0,1,0,0,1,0,1,0,0,1,0
1393104,492,833441,36,35479,48,0,0,0,1,0,1,1,0,0,0,1,0
1755540,610,864660,60,56172,52,0,0,0,1,0,1,0,0,1,0,1,0
1698189,418,573394,36,65863,48,0,0,1,0,1,0,0,0,1,0,1,0
1287341,517,299430,60,52043,29,1,0,1,0,0,1,0,0,0,1,1,0
1564652,726,477737,24,92569,42,1,0,0,1,0,1,1,0,0,0,1,0
1134604,713,172788,12,25408,52,0,1,1,0,1,0,1,0,0,0,0,1
1043523,413,671527,36,67980,25,0,0,1,0,1,0,1,0,0,0,0,1
746237,444,601216,36,92956,43,1,0,1,0,1,0,0,1,0,0,0,1
1449728,837,330466,60,26351,25,1,0,0,1,0,1,0,0,0,1,0,1
1548464,602,500930,24,14131,52,1,0,1,0,1,0,0,0,1,0,1,0
900903,644,400040,24,54825,30,0,0,0,1,0,1,0,0,1,0,1,0
292193,300,112292,60,21349,59,0,0,0,1,1,0,0,0,0,1,0,1
1284763,446,603343,24,70931,35,1,0,0,1,1,0,0,0,1,0,0,1
705950,586,355035,48,54254,27,0,0,0,1,0,1,0,0,1,0,0,1
1386887,352,656200,12,48225,49,0,0,1,0,1,0,0,0,0,1,0,1
1110886,603,711948,36,22453,23,0,0,0,1,1,0,0,0,1,0,0,1
1000921,368,402680,12,28814,39,1,0,1,0,1,0,1,0,0,0,0,1
708153,660,318448,36,28263,30,1,0,0,1,1,0,0,1,0,0,0,1
1437665,519,581633,48,87694,48,0,0,1,0,1,0,0,0,0,1,0,1
786165,460,210372,24,25735,49,0,0,0,1,0,1,0,1,0,0,1,0
1684917,388,991763,60,25830,35,0,0,1,0,0,1,0,0,1,0,1,0
1560642,458,141006,48,57893,55,0,0,0,1,1,0,0,0,1,0,1,0
818362,788,982856,12,54673,26,0,0,0,1,0,1,1,0,0,0,1,0
887409,623,179350,60,99462,32,1,0,1,0,0,1,0,0,0,1,0,1
761419,680,738725,24,55066,58,0,0,0,1,0,1,0,0,1,0,1,0
840053,401,855878,48,13373,33,0,0,0,1,1,0,0,0,0,1,0,1
1060395,793,838768,60,20335,49,0,0,0,1,1,0,0,0,0,1,1,0
1879748,318,898464,48,33741,39,1,0,1,0,1,0,0,0,0,1,0,1
325917,753,256487,48,20692,23,1,0,0,1,0,1,0,0,0,1,0,1
1010717,781,147852,24,57295,28,0,1,0,1,0,1,0,0,0,1,1,0
1548346,696,542092,36,55541,28,1,0,1,0,1,0,0,1,0,0,1,0
898168,578,188593,60,44057,40,1,0,1,0,1,0,1,0,0,0,0,1
681680,664,777067,24,76983,24,1,0,1,0,0,1,0,0,0,1,0,1
1171375,630,728841,48,29583,41,1,0,1,0,0,1,0,1,0,0,0,1
481342,643,330618,24,32765,23,1,0,1,0,1,0,0,0,1,0,1,0
739542,754,227832,36,69287,28,1,0,0,1,0,1,0,0,0,1,1,0
1292814,364,892150,60,33906,43,0,0,0,1,0,1,0,0,1,0,0,1
201252,375,356773,36,95103,36,1,0,0,1,0,1,0,0,0,1,1,0
1026196,442,95232,12,89675,33,1,0,1,0,0,1,0,1,0,0,0,1
1064141,772,398688,60,56525,23,0,1,0,1,0,1,0,1,0,0,1,0
1734026,716,510385,36,48230,29,0,1,1,0,0,1,0,1,0,0,1,0
515826,604,833301,48,29520,34,0,0,1,0,0,1,1,0,0,0,1,0
1570214,796,362813,60,95238,33,0,1,0,1,1,0,0,0,1,0,1,0
805605,590,259093,60,61934,27,1,0,1,0,1,0,1,0,0,0,1,0
527359,401,381328,24,35566,35,1,0,1,0,0,1,0,0,0,1,0,1
1851451,566,753305,48,83193,27,1,0,0,1,0,1,0,0,1,0,0,1
206949,302,63140,12,40134,58,1,0,1,0,0,1,0,1,0,0,1,0
963185,384,438612,36,20345,54,0,0,1,0,1,0,0,0,1,0,0,1
517537,627,657745,24,51185,42,1,0,0,1,1,0,0,1,0,0,0,1
1977489,749,588645,36,80744,44,1,0,1,0,0,1,1,0,0,0,1,0
862301,753,573375,12,43455,57,0,0,1,0,1,0,1,0,0,0,0,1
750222,520,161672,12,38018,21,1,0,0,1,0,1,0,1,0,0,1,0
980722,453,380817,60,64219,30,1,0,0,1,0,1,0,1,0,0,0,1
1703678,311,695961,12,55991,36,1,0,0,1,0,1,0,0,0,1,0,1
1586465,432,639921,36,83616,28,1,0,0,1,0,1,1,0,0,0,0,1
676467,603,782303,48,97438,45,0,0,1,0,0,1,1,0,0,0,0,1
556600,592,670399,48,19486,32,0,0,1,0,0,1,0,0,0,1,0,1
1564133,599,914690,60,48862,45,0,0,0,1,0,1,1,0,0,0,0,1
